name,id,tier,rarity,tech/manufacturer,tags,uiTags,base value,unlocked,hidden,hiddenEverywhere,cost_frigate,cost_dest,cost_cruiser,cost_capital,script,desc,short,sModDesc,sprite
Escudos acelerados,advancedshieldemitter,0,,,"defensive, shields, merc, standard",Shields,3000,,,,3,6,9,15,data.hullmods.AcceleratedShieldEmitter,Aumenta la velocidad de giro de los escudos de la nave un %s y la velocidad de activacion de los escudos un %s.,Aumenta la velocidad de giro del escudo y la velocidad de extension.,Aumenta la velocidad de rotacion y de elevacion del escudo un %s adicional.,graphics/hullmods/accelerated_shields.png
Bobinas de fase adaptativas,adaptive_coils,2,,,"phase, merc, standard",Phase,5000,,,,5,10,15,25,com.fs.starfarer.api.impl.hullmods.AdaptivePhaseCoils,"Las bobinas de fase son menos capaces de mantener la conexion con el espacio normal a medida que aumentan los niveles de flujo duro de la nave, lo que resulta en una velocidad maxima muy reducida mientras las bobinas luchan por ganar traccion.

Esta modificacion permite que las bobinas soporten niveles mas altos de flujo duro, aumentando el umbral en el que la velocidad cae al minimo en un %s. Para bobinas de diseno estandar sin otras modificaciones, esto eleva el umbral de %s a %s.",Reduce el impacto del nivel de flujo duro en la velocidad maxima mientras se esta en fase.,,graphics/hullmods/phase_field.png
Optica avanzada,advancedoptics,2,,,"offensive, merc, standard",Weapons,1000,,,,5,10,15,25,data.hullmods.AdvancedOptics,"Amplia el alcance de las armas de rayo un %s, pero reduce su velocidad de giro un %s. Acumulable con la unidad de fijacion de blancos integrada.",Aumenta el alcance de las armas de rayo.,,graphics/hullmods/advanced_optics.png
Giroscopios de torreta avanzados,turretgyros,0,,,"defensive, merc, standard",Weapons,2500,,,,2,4,6,10,data.hullmods.AdvancedTurretGyros,Aumenta la velocidad de giro de todas las torretas un %s.,Aumenta la velocidad de giro de las torretas.,Aumenta el dano a misiles y cazas un %s. Aumenta el dano a naves de menor tamano un %s por cada clase de tamano de diferencia.,graphics/hullmods/advanced_turret_gyros.png
Monturas de armas blindadas,armoredweapons,0,,,"defensive, merc, standard","Weapons, Defenses",2500,TRUE,,,3,6,9,15,data.hullmods.ArmoredWeapons,"Aumenta la durabilidad de todas las armas un %s y reduce el retroceso un %s, pero disminuye la velocidad de giro de las armas un %s. Tambien aumenta el blindaje de la nave un %s.",Hace que las armas sean mas dificiles de desactivar; reduce el retroceso.,Aumenta la cadencia de tiro de todas las armas que no sean de misiles un %s.,graphics/hullmods/armored_weapon_emplacements.png
Paquete de asalto,assault_package,1,,,"defensive, civ_package, no_drop, no_drop_salvage, hide_in_codex","Special, Defenses",8000,,,,3,6,9,15,com.fs.starfarer.api.impl.hullmods.AssaultPackage,"Aumenta la integridad del casco de la nave un %s, el blindaje un %s y la capacidad de flujo un %s.

Intentara entablar combate con los enemigos y actuar como una nave de combate en batalla.","Aumenta la integridad del casco, el blindaje y la capacidad de flujo.",,graphics/hullmods/assault_package.png
Unidad de reparacion automatizada,autorepair,2,,,"engines, defensive, merc, standard",Defenses,7500,,,,3,6,9,15,data.hullmods.AutomatedRepairUnit,Reduce el tiempo necesario para reparar armas y motores inhabilitados (en combate) un %s.,Aumenta la tasa de reparacion de armas en combate.,Reduce el tiempo de reparacion a %s y la duracion de la sobrecarga en un %s.,graphics/hullmods/automated_repair_unit.png
Propulsores auxiliares,auxiliarythrusters,1,,,"engines, merc, standard",Engines,5000,TRUE,,,4,8,12,20,data.hullmods.AuxiliaryThrusters,Aumenta la maniobrabilidad de la nave un %s.,Aumenta la maniobrabilidad.,Aumenta la aceleracion de velocidad con 0 de flujo un %s y aumenta el bono de rotacion con 0 de flujo un %s.,graphics/hullmods/auxilliary_thrusters.png
Telemetro balistico,ballistic_rangefinder,2,,,"offensive, merc, standard",Weapons,8000,,,,5,10,15,25,com.fs.starfarer.api.impl.hullmods.BallisticRangefinder,<tooltip creado en el script debido al gran numero de resaltados>,Aumenta el alcance base de las armas pequenas y medianas en ranuras balisticas.,,graphics/hullmods/ballistic_rangefinder.png
Compuertas blindadas,blast_doors,0,,,"defensive, merc, standard",Defenses,2500,TRUE,,,4,8,12,20,data.hullmods.BlastDoors,"Instala puertas hermeticas y fuertemente reforzadas en puntos criticos de toda la nave. Aumenta la integridad del casco un %s.

La nave sufre un %s menos de bajas de tripulacion por danos en el casco sufridos en combate.",Aumenta la integridad del casco; reduce las bajas de la tripulacion.,Aumenta la reduccion de bajas de la tripulacion al %s.,graphics/hullmods/blast_doors.png
Hangar convertido,converted_hangar,1,,,"special, non_phase, merc, standard",Fighters,5000,,,,0,10,10,10,com.fs.starfarer.api.impl.hullmods.ConvertedHangar,<Tooltip creado en el script>,Hangar de cazas improvisado para naves que no son portacazas.,Aumenta la tasa de recuperacion de la reposicion de cazas un %s en cruceros y un %s en naves capitales. Sin efecto adicional en destructores.,graphics/hullmods/converted_hangar.png
Hangar de cazas convertido,converted_fighterbay,0,,,"req_spaceport, special, non_phase, standard","Fighters, Logistics, Requires Dock",3000,,,,2,4,6,10,data.hullmods.ConvertedFighterBay,"Convierte los hangares de caza de la nave que albergan escuadrones integrados en bodegas de carga improvisadas, otorgandole un %s adicional de capacidad de carga y reduciendo sus requisitos de tripulacion un %s por cada hangar de caza. La reduccion de tripulacion esta limitada a un maximo de %s.",Convierte los hangares integrados en almacenes de carga improvisados.,Coste de mantenimiento mensual reducido un %s por cada hangar de cazas.,graphics/hullmods/converted_fighter_bay.png
Nucleo de fijacion dedicado,dedicated_targeting_core,0,,,"offensive, merc, standard",Weapons,2500,TRUE,,,0,0,15,25,data.hullmods.DedicatedTargetingCore,"Aumenta el alcance de las armas balisticas y de energia en un %s/%s para cruceros y naves capitales.

No se puede instalar en fragatas ni destructores, y no puede funcionar junto con la Unidad de Apuntado Integrada.

La mayoria de las naves de combate instalan una Unidad de Apuntado Integrada o un Nucleo de Apuntado Dedicado, con la excepcion de las variantes mas especializadas.",Aumenta el alcance de las armas; especialmente en naves grandes.,Aumenta el bono de alcance al %s para cruceros y al %s para naves capitales.,graphics/hullmods/targeting_core.png
Matriz de fijacion defensiva,defensive_targeting_array,2,,,"special, merc, standard",Fighters,3000,,,,2,4,6,10,com.fs.starfarer.api.impl.hullmods.DefensiveTargetingArray,"Los enlaces de comunicacion estandar de los cazas se han reorientado para proporcionar datos de apuntado de corto alcance.

Aumenta el dano de los cazas a misiles y otros cazas un %s, pero impide que los cazas se alejen de las proximidades de su nave.",Aumenta el dano de DP de los cazas; reduce el alcance de patrulla de los cazas a cero.,Amplia el alcance de las armas balisticas y de energia de los cazas de la nave en %s unidades.,graphics/hullmods/defensive_targeting_array.png
Paquete de ECCM,eccm,2,,,"offensive, defensive, merc, standard",Weapons,2500,,,,5,8,15,20,data.hullmods.ECCMPackage,"Reduce la probabilidad de que los misiles lanzados por la nave se vean afectados por contramedidas electronicas y bengalas en un %s.

Un nucleo de CPU adicional en cada misil aumenta la velocidad maxima del misil en un %s y su maniobrabilidad en un %s, ademas de mejorar significativamente el algoritmo de guia.

Tambien reduce la reduccion del alcance de las armas debida a la contramedida electronica enemiga en un %s.",Mejora la velocidad y el guiado de los misiles; reduce el efecto de la guerra electronica enemiga.,Anula por completo la reduccion del alcance de las armas y hace que los misiles de la nave ignoren siempre las bengalas.,graphics/hullmods/eccm_package.png
Paquete de ECM,ecm,2,,,"offensive, special, merc, standard","Weapons, Support",4000,,,,6,12,18,24,com.fs.starfarer.api.impl.hullmods.ECMPackage,"Al desplegarse en combate, otorga un indice de ECM de %s/%s/%s/%s, segun el tamano del casco de esta nave.",Aumenta la clasificacion de ECM de la nave.,,graphics/hullmods/ecm_package.png
Paquete de escolta,escort_package,1,,,"special, weapons, engines, standard","Special, Weapons, Engines",8000,,,,0,7,15,0,com.fs.starfarer.api.impl.hullmods.EscortPackage,"Cuando esta nave se encuentra a aproximadamente %s u de una nave aliada mas grande, aumenta la maniobrabilidad de esta nave un %s y su velocidad maxima un %s. Tambien aumenta el alcance de las armas balisticas y de energia un %s.

Estos bonos son del %s para los destructores cuando la nave aliada cercana es un capital.","Aumenta la maniobrabilidad, la velocidad maxima y el alcance de las armas al estar cerca de una nave aliada de mayor tamano.",Destructores: reduce el dano recibido por los escudos un %s. Sin efecto adicional en cruceros.,graphics/hullmods/escort_package.png
Tripulacion de cubierta ampliada,expanded_deck_crew,1,,,"special, merc, standard",Fighters,4000,,,,5,10,15,25,com.fs.starfarer.api.impl.hullmods.ExpandedDeckCrew,"Reduce la tasa de disminucion de la reposicion de cazas por perdidas de estos un %s, y aumenta la tasa de recuperacion un %s.

Aumenta la tripulacion necesaria un %s por cada hangar.",Mejora la tasa de reemplazo de cazas; aumenta los requisitos de tripulacion.,,graphics/hullmods/expanded_deck_crew.png
Cargadores ampliados,magazines,1,,,"offensive, merc, standard",Weapons,2500,,,,3,5,7,10,data.hullmods.ExpandedMagazines,Aumenta la capacidad de municion o el numero de cargas de las armas balisticas y de energia un %s.,Aumenta la municion y las cargas de las armas balisticas y de energia.,Aumenta la tasa de regeneracion de municion/carga para armas balisticas y de energia un %s.,graphics/hullmods/expanded_magazines2.png
Racks de misiles ampliados,missleracks,1,,,"offensive, merc, standard",Weapons,5000,,,,8,12,20,30,data.hullmods.ExpandedMissileRacks,Aumenta la capacidad de municion de las armas de misiles un %s.,Aumenta la municion de las armas de misiles.,Reduce la cadencia de tiro de las armas de misiles un %s.,graphics/hullmods/expanded_missile_racks.png
Escudos extendidos,extendedshieldemitter,1,,,"shields, defensive, merc, standard",Shields,5000,,,,4,8,12,20,data.hullmods.ExtendedShieldEmitter,Aumenta la cobertura del escudo en %s grados.,Aumenta el arco maximo del escudo.,Aumenta la cobertura del escudo un %s adicional en grados.,graphics/hullmods/extended_shields.png
Adyuvante de bobina de flujo,fluxcoil,0,,,"special, merc, standard",Special,4000,TRUE,,,4,8,12,20,data.hullmods.FluxCoilAdjunct,"Aumenta la capacidad de flujo de la nave un %s/%s/%s/%s, segun el tamano del casco. No es tan eficiente como los capacitores de flujo; es mas util cuando se anade a un diseno que ya posee el numero maximo posible de capacitores.",Aumenta la capacidad de flujo.,"Aumenta la capacidad de flujo un %s/%s/%s/%s adicional, haciendo que la bobina sea tan eficiente como anadir condensadores.",graphics/hullmods/flux_coil_adjunct.png
Distribuidor de flujo,fluxdistributor,0,,,"special, merc, standard",Special,4000,TRUE,,,4,8,12,20,data.hullmods.FluxDistributor,"Aumenta la disipacion de flujo de la nave en un %s/%s/%s/%s, segun el tamano del casco. No es tan eficiente como las ventilaciones de flujo; es mas util cuando se anade a un diseno que ya cuenta con el numero maximo posible de ventilaciones.",Aumenta la disipacion de flujo.,"Aumenta la disipacion de flujo un %s/%s/%s/%s adicional, haciendo que el distribuidor sea tan eficiente como anadir ventilaciones.",graphics/hullmods/flux_distributor.png
,,,,,,,,,,,,,,,,,,,
Derivacion de escudo,shield_shunt,1,,,"special, shields, merc, standard","Special, Shields",3000,,,,3,5,7,10,com.fs.starfarer.api.impl.hullmods.ShieldShunt,"Elimina los escudos de la nave. Los nodos del emisor externo se sustituyen por placas reforzadas, aumentando el blindaje de la nave un %s.",Elimina los escudos y aumenta el blindaje.,Aumenta el blindaje de la nave un %s adicional.,graphics/hullmods/shield_shunt.png
Generador de escudo improvisado,frontshield,0,,,"shields, defensive, standard",Shields,4000,,,,5,10,15,25,data.hullmods.FrontShieldGenerator,"Instala un generador de escudos improvisado e ineficiente en la nave. El emisor del escudo esta fijado en una posicion frontal y tiene un arco de %s grados.

El generador de escudos extrae gran parte de su energia de los motores y reduce la velocidad maxima de la nave un %s.",Instala escudos basicos en naves sin escudo. Reduce la velocidad maxima.,,graphics/hullmods/front_shield_generator.png
Autocargador de misiles,missile_autoloader,1,,,"offensive, merc, standard",Weapons,6000,,,,8,12,20,30,com.fs.starfarer.api.impl.hullmods.MissileAutoloader,<tooltip creado en el script debido a la complejidad de las secciones/otros>,Recarga las armas de misiles en monturas de misiles pequenas.,Aumenta el tiempo de recarga tras recargar a %s segundos.,graphics/hullmods/missile_autoloader.png
Escudos reforzados,hardenedshieldemitter,3,,,"shields, defensive, merc, standard",Shields,10000,,,,5,10,15,25,data.hullmods.HardenedShieldEmitter,Reduce el dano recibido por los escudos un %s. Tambien reduce la probabilidad de que los escudos sean atravesados por arcos de EMP de armas como el rayo ionico.,Reduce el dano recibido por los escudos.,,graphics/hullmods/hardened_shields.png
Subsistemas reforzados,hardened_subsystems,0,,,"special, merc, standard",Special,2500,TRUE,,,5,10,15,25,data.hullmods.HardenedSubsystems,"Aumenta el tiempo de rendimiento maximo para las naves que sufren una degradacion de su rendimiento por despliegues prolongados un %s.

Tambien reduce la tasa de degradacion de la preparacion de combate un %s.",Aumenta el tiempo de rendimiento maximo; la PC se degrada mas lentamente.,,graphics/hullmods/hardened_subsystems.png
Blindaje pesado,heavyarmor,0,,,"defensive, merc, standard",Defenses,2500,,,,8,15,20,40,data.hullmods.HeavyArmor,"Aumenta el blindaje de la nave un %s/%s/%s/%s puntos, segun el tamano del casco.",Aumenta el blindaje.,Reduce la maniobrabilidad de la nave un %s.,graphics/hullmods/heavy_armor.png
Amplificador de dispersion alta,high_scatter_amp,3,,,"offensive, merc, standard",Weapons,5000,,,,4,8,12,20,com.fs.starfarer.api.impl.hullmods.HighScatterAmp,<tooltip creado en el script debido a las secciones>,Reduce el alcance de los haces; los haces infligen mas dano y aplican flujo duro a los escudos.,Aumenta el dano de las armas de rayo en un %s adicional.,graphics/hullmods/high_scatter_amp.png
IA de defensa de punto integrada,pointdefenseai,3,,,"defensive, merc, standard","Weapons, Defenses",10000,,,,3,6,9,15,data.hullmods.IntegratedPointDefenseAI,"Otorga a todas las armas de defensa de punto la capacidad de identificar -e ignorar- las bengalas de senuelo. Ademas, todas las armas de defensa de punto obtienen el mejor seguimiento de objetivos posible, independientemente de la preparacion de combate, y todo el dano a misiles aumenta un %s. ",La DP ignora las bengalas de senuelo; mejora el apuntado de objetivos y aumenta el dano a los misiles.,"Todas las armas pequenas que no sean de misiles ni de asalto se clasifican como ""defensa de punto"", fijan automaticamente como objetivo a los misiles y se ven afectadas por los modificadores de la estadistica de defensa de punto.",graphics/hullmods/integrated_point_defense_ai.png
# Integracion de defensa de punto,pdintegration,3,,,"defensive, merc","Weapons, Defenses",10000,,,,12,15,18,24,com.fs.starfarer.api.impl.hullmods.PDIntegration,"Reduce el coste en puntos de armamento de las armas de defensa de punto pequenas un %s. La reduccion de coste solo afecta a las armas que tienen la capacidad de DP como una caracteristica propia de la propia arma, y no cuando se obtiene por otros medios, como un mod de casco.

Ademas, todas las armas de defensa de punto infligen un %s mas de dano a todos los objetivos.",Reduce el coste en puntos de armamento de las armas de DP pequenas; aumenta todo el dano de DP.,,graphics/hullmods/integrated_point_defense_ai.png
Unidad de fijacion integrada,targetingunit,3,,,"offensive, merc, standard",Weapons,10000,,,,4,8,15,25,data.hullmods.IntegratedTargetingUnit,"Amplia el alcance de las armas balisticas y de energia un %s/%s/%s/%s, segun el tamano del casco. No puede funcionar en conjunto con un Nucleo de Apuntado Dedicado.

La mayoria de las naves de combate instalan una Unidad de Apuntado Integrada o un Nucleo de Apuntado Dedicado, con la excepcion de las variantes mas especializadas.",Aumenta el alcance de las armas; especialmente en naves grandes.,,graphics/hullmods/integrated_targeting_unit.png
Rele de navegacion,nav_relay,2,,,"engines, special, merc, standard","Engines, Support",5000,,,,10,15,20,25,com.fs.starfarer.api.impl.hullmods.NavRelay,"Al desplegarse en combate, aumenta la clasificacion de navegacion de tu flota un %s/%s/%s/%s, segun el tamano del casco de esta nave.

La clasificacion de navegacion total de tu flota aumenta la velocidad maxima de tus naves desplegadas.",Aumenta la velocidad maxima de las naves desplegadas.,,graphics/hullmods/nav_relay.png
Interfaz neural,neural_interface,3,,,"special, no_drop, no_drop_salvage",Special,10000,,,,3,6,9,15,com.fs.starfarer.api.impl.hullmods.NeuralInterface,"Vincula la nave insignia con otra nave, permitiendo que ambas naves se %s al mismo tiempo. Al igual que con ""transferir mando"", algunos efectos de habilidad -como los que aumentan la capacidad de municion o la preparacion de combate- no se aplican a la otra nave.

Tambien permite el cambio rapido entre las naves vinculadas sin usar una capsula de transporte. El traslado es instantaneo si la suma de los puntos de despliegue de las naves es de %s o menos. La nave de destino no debe estar bajo el mando de un oficial o un nucleo de IA.",Permite el cambio rapido entre naves; reinicia el tiempo de recarga del sistema y anade una carga.,"Las transferencias desde la nave son siempre instantaneas, independientemente del total de puntos de despliegue.",graphics/hullmods/neural_interface.png
Integrador neural,neural_integrator,,,,"special, no_drop, no_drop_salvage",Special,10000,,,,3,6,9,15,com.fs.starfarer.api.impl.hullmods.NeuralIntegrator,"Una version aumentada de la Interfaz Neural que funciona con naves automatizadas al permitir el control directo de todos los sistemas de la nave mediante el enlace, permitiendo que ambas naves se %s al mismo tiempo. Al igual que con el ""transferencia de mando"", algunos efectos de las habilidades -como los que aumentan la capacidad de municion o la preparacion de combate- no se aplican a la otra nave.

Tambien permite el cambio rapido entre las naves vinculadas sin usar una capsula de transporte. La transferencia es instantanea si los puntos de despliegiente combinados de las naves son %s o menos. La nave de destino no debe estar bajo el mando de un oficial o un nucleo de IA.

La complejidad de las modificaciones aumenta los puntos de despliegue de la nave y el coste de suministros para recuperarse del despliegue en un %s.",Interfaz neural especializada para naves automatizadas.,"Las transferencias desde la nave son siempre instantaneas, independientemente del total de puntos de despliegue.",graphics/hullmods/neural_integrator.png
Conversion de escudo - frontal,frontemitter,2,,,"shields, defensive, merc, standard",Shields,7000,,,,3,5,8,12,data.hullmods.FrontShieldEmitter,"Fija el emisor de escudo omnidireccional de la nave en una posicion frontal y amplia su arco un %s. Como ocurre con todos los emisores frontales, el escudo tambien se desplegara el doble de rapido.",Convierte el escudo omnidireccional en frontal; amplia el arco.,Reduce el dano recibido por los escudos un %s.,graphics/hullmods/front_shield_emitter.png
Conversion de escudo - omnidireccional,adaptiveshields,3,,,"shields, defensive, merc, standard",Shields,7000,,,,3,5,8,12,data.hullmods.OmniShieldEmitter,Convierte los escudos frontales en omnidireccionales. Reduce el arco del escudo un %s.,Convierte el escudo frontal en omnidireccional; reduce el arco.,Anula la penalizacion del arco del escudo.,graphics/hullmods/omni_shield_emitter_mod.png
Centro de operaciones,operations_center,1,,,special,Special,5000,,,,30,30,30,30,com.fs.starfarer.api.impl.hullmods.OperationsCenter,Aumenta la tasa de recuperacion de puntos de mando un %s cuando se instala en la nave insignia.,Aumenta la tasa de recuperacion de puntos de mando cuando se actua como nave insignia.,,graphics/hullmods/operations_center.png
Ancla de fase,phase_anchor,3,,,"phase, merc, no_build_in, standard, phase_brawler",Phase,7000,,,,10,20,30,50,com.fs.starfarer.api.impl.hullmods.PhaseAnchor,"Reduce el coste de activacion del camuflaje de fase a %s. Aumenta la disipacion de flujo blando y la tasa de recarga de armas en un %s mientras esta en fase.

Al sufrir danos criticos que de otro modo destruirian o inutilizarian la nave, permite iniciar un descenso de emergencia a las profundidades del espacio-p. La nave contara como retirada y emergera en el espacio normal cuando termine el combate, sufriendo una penalizacion adicional de preparacion de combate igual al %s de su coste de despliegue. La nave debe tener suficiente preparacion de combate para cubrir este coste e iniciar el descenso.

Debido a las inmensas distorsiones en el espacio-p causadas por tal maniobra, solo una nave por batalla -independientemente del bando al que pertenezca- puede realizarla.",Aumenta la disipacion de flujo y la recarga de armas mientras se esta en fase; permite una maniobra de inmersion de emergencia.,,graphics/hullmods/phase_anchor.png
Lanzaderas de rescate,recovery_shuttles,1,,,"special, standard",Fighters,4000,,,,3,6,9,15,com.fs.starfarer.api.impl.hullmods.RecoveryShuttles,Reduce las bajas sufridas por los pilotos de cazas un %s.,Reduce las bajas de los pilotos de cazas.,Aumenta la reduccion de bajas de pilotos de caza al %s.,graphics/hullmods/recovery_shuttles.png
Mamparos reforzados,reinforcedhull,0,,,"defensive, merc, standard",Defenses,2500,TRUE,,,5,10,15,30,data.hullmods.ReinforcedBulkheads,"Aumenta la integridad del casco de la nave un %s. Si queda inhabilitada, la nave no se rompera y casi siempre es recuperable tras la batalla.",Aumenta la integridad del casco; la nave es casi siempre recuperable si se pierde.,,graphics/hullmods/reinforced_bulkheads.png
Conductos de flujo resistentes,fluxbreakers,2,,,"defensive, merc, standard","Special, Defenses",7000,,,,3,6,9,15,data.hullmods.FluxBreakers,Disminuye el dano EMP recibido de armas como los canones ionicos un %s. Tambien aumenta la tasa de disipacion de flujo de la nave durante la ventilacion un %s.,Reduce el dano por EMP recibido y mejora la velocidad de ventilacion.,Aumenta la tasa de disipacion de flujo durante la ventilacion un %s adicional.,graphics/hullmods/resistant_flux_conduits.png
Anuladores de seguridad,safetyoverrides,0,,,"special, engines, offensive, merc, no_build_in, standard","Special, Engines",2500,TRUE,,,15,30,45,70,data.hullmods.SafetyOverrides,"Desactivar los protocolos de seguridad aumenta la velocidad maxima de la nave en combate un %s/%s/%s (segun el tamano de la nave, con un aumento correspondiente en la aceleracion) y permite que el impulso de motor de flujo cero surta efecto sin importar el nivel de flujo. La tasa de disipacion de flujo, incluida la de las ventilaciones adicionales, aumenta por un factor de %s.

Reduce el tiempo de rendimiento maximo por un factor de %s, impide el uso de ventilacion activa y reduce drasticamente el alcance de las armas por encima de las %s unidades.

No se puede instalar en naves civiles o capitales.",Mejora drastica del rendimiento; reduce notablemente el tiempo de rendimiento maximo.,,graphics/hullmods/safety_overrides.png
,,,,,,,,,,,,,,,,,,,
Escudos estabilizados,stabilizedshieldemitter,1,,,"shields, defensive, merc, standard",Shields,5000,,,,3,6,9,15,data.hullmods.StabilizedShieldEmitter,Reduce la cantidad de flujo blando que generan los escudos activos por segundo un %s. No afecta al flujo duro generado cuando los escudos reciben danos.,Reduce el mantenimiento de flujo de los escudos.,Convierte el %s del dano de flujo duro recibido por los escudos en flujo blando.,graphics/hullmods/stabilized_shields.png
,,,,,,,,,,,,,,,,,,,
Inyector inestable,unstable_injector,0,,,"engines, merc, standard",Engines,2500,TRUE,,,5,10,15,25,data.hullmods.UnstableInjector,"Aumenta la velocidad maxima de la nave en combate un %s/%s/%s/%s u/segundo, segun el tamano del casco.

Interfiere con el apuntado de las armas y otros sistemas vulnerables, reduciendo el alcance de las armas que no son misiles un % de %s y aumentando el tiempo de reemplazo de cazas un %s.","Aumenta la velocidad, reduce el alcance de las armas.",,graphics/hullmods/unstable_injector.png
,,,,,,,,,,,,,,,,,,,
,,,,,,,,,,,,,,,,,,,
,,,,,,,,,,,,,,,,,,,
# mods de casco de logistica,,,,,,,,,,,,,,,,,,,
Atraco adicional,additional_berthing,0,,,"req_spaceport, merc, standard","Logistics, Requires Dock",3000,TRUE,,,5,10,15,25,com.fs.starfarer.api.impl.hullmods.AdditionalBerthing,"Aumenta la capacidad maxima de tripulacion un %s/%s/%s/%s, segun el tamano del casco, o un %s, lo que sea mayor.

En cascos de grado civil, tambien aumenta el uso de suministros de mantenimiento un %s.",Aumenta la capacidad de tripulacion.,"Duplica el aumento de la capacidad de tripulacion y, en cascos civiles, anula el aumento del coste de mantenimiento.",graphics/hullmods/berthing.png
Campo de propulsion aumentado,augmentedengines,1,,,"req_spaceport, merc, standard","Logistics, Requires Dock",8000,,,,8,16,24,40,data.hullmods.AugmentedEngines,Aumenta el nivel de propulsion maximo un %s.,Aumenta el nivel de propulsion maximo.,Aumenta el nivel de propulsion maximo un %s adicional.,graphics/hullmods/augmented_drive_field2.png
Tanques de combustible auxiliares,auxiliary_fuel_tanks,0,,,"req_spaceport, merc, standard","Logistics, Requires Dock",4000,TRUE,,,5,10,15,25,com.fs.starfarer.api.impl.hullmods.AuxiliaryFuelTanks,"Aumenta la capacidad maxima de combustible en %s/%s/%s/%s, segun el tamano del casco, o en %s, lo que sea mayor.

En cascos de grado civil, tambien aumenta el uso de suministros para mantenimiento en un %s.",Aumenta la capacidad de combustible.,"Duplica el aumento de la capacidad de combustible y, en cascos civiles, anula el aumento del coste de mantenimiento.",graphics/hullmods/fuel_tanks.png
Revision de eficiencia,efficiency_overhaul,0,,,"req_spaceport, merc, standard","Logistics, Requires Dock",4000,,,,3,6,9,15,com.fs.starfarer.api.impl.hullmods.EfficiencyOverhaul,"Reduce el uso de suministros para mantenimiento, el uso de combustible y la tripulacion minima necesaria un %s.

Aumenta las tasas de recuperacion de la preparacion de combate y de reparacion un %s. El consumo diario de suministros para la recuperacion de la PC aumenta para compensar la mayor tasa de recuperacion, pero el coste total de suministros sigue siendo el mismo.",Reduce los costes continuos y permite mas despliegues.,"Reduce el coste de mantenimiento, el uso de combustible y el requisito minimo de tripulacion un %s adicional.",graphics/hullmods/efficiency.png
Bodegas de carga ampliadas,expanded_cargo_holds,0,,,"req_spaceport, merc, standard","Logistics, Requires Dock",4000,TRUE,,,5,10,15,25,com.fs.starfarer.api.impl.hullmods.ExpandedCargoHolds,"Aumenta la capacidad maxima de carga un %s/%s/%s/%s, segun el tamano del casco, o un %s, lo que sea mayor.

En cascos de grado civil, tambien aumenta el uso de suministros de mantenimiento un %s.",Aumenta la capacidad de carga.,"Duplica el aumento de la capacidad de carga y, en cascos civiles, anula el aumento del coste de mantenimiento.",graphics/hullmods/expanded_cargo.png
Sensores de alta resolucion,hiressensors,2,,,"req_spaceport, merc, standard","Logistics, Requires Dock",9000,,,,4,6,9,15,com.fs.starfarer.api.impl.hullmods.HighResSensors,<Tooltip creado en el script>,Aumenta el alcance de sensores de la flota.,"Aumenta el rango de vision en combate de la nave un %s/%s/%s/%s, segun el tamano del casco.",graphics/hullmods/high_res_sensors.png
Conjunto de motores aislados,insulatedengine,0,,,"engines, defensive, req_spaceport, merc, standard","Engines, Logistics, Defenses, Requires Dock",2500,,,,3,6,9,15,data.hullmods.InsulatedEngines,"Aumenta la durabilidad de los motores de la nave en un %s y la integridad del casco en un %s.

El perfil de sensores de la nave tambien se reduce en un %s.",Hace que los motores sean mas dificiles de desactivar; reduce el perfil de sensores.,Aumenta la durabilidad del motor un %s adicional y aumenta la reduccion del perfil de sensores al %s.,graphics/hullmods/insulated_engine_assembly.png
Subsistemas militarizados,militarized_subsystems,0,,,"req_spaceport, merc, standard","Special, Logistics, Requires Dock",6000,TRUE,,,4,8,12,20,com.fs.starfarer.api.impl.hullmods.MilitarizedSubsystems,"Elimina las penalizaciones de un casco de grado civil y aumenta el nivel de propulsion maximo un %s.

Aumenta la tripulacion minima necesaria un %s.",Elimina las penalizaciones de sensores; aumenta el nivel de propulsion maximo y la tripulacion necesaria.,Anula el aumento de los requisitos de tripulacion.,graphics/hullmods/militarized_subsystems.png
Proteccion solar,solar_shielding,2,,,"defensive, req_spaceport, merc, standard","Defenses, Logistics, Requires Dock",5000,,,,3,6,9,15,data.hullmods.SolarShielding,"Desarrollado originalmente por ingenieros del Diktat tras pasar ciclos lidiando con las condiciones unicas del sistema interno de Askonia. Disminuye en un %s el efecto que tener en una corona solar tiene sobre la preparacion de combate; tambien tiene el mismo efecto contra tormentas en el hiperespacio profundo.

En combate, reduce el dano por energia recibido un %s.",Reduce el efecto de estar en una corona y el dano por energia recibido.,Aumenta la proteccion contra coronas solares y peligros similares al %s.,graphics/hullmods/solar_shielding2.png
Equipo de prospeccion,surveying_equipment,1,,,"special, req_spaceport, standard","Logistics, Requires Dock",5000,,,,5,10,15,25,data.hullmods.SurveyingEquipment,"Reduce la maquinaria pesada y los suministros necesarios para realizar prospecciones un %s/%s/%s/%s, segun el tamano del casco, hasta un minimo de %s para cada uno.",Reduce los requisitos de recursos para la prospeccion.,Aumenta la reduccion del coste de prospeccion un %s.,graphics/hullmods/surveying_equipment.png
,,,,,,,,,,,,,,,,,,,
# mods de casco integrados estandar,,,,,,,,,,,,,,,,,,,
Nucleo terminador,terminator_core,,,,,Weapons,,,TRUE,,0,0,0,0,com.fs.starfarer.api.impl.hullmods.TerminatorCore,"Otorga a todas las armas de defensa de punto la capacidad de identificar -e ignorar- las bengalas de senuelo. Ademas, todas las armas obtienen el mejor seguimiento de objetivos posible, independientemente de la preparacion de combate; todo el dano a misiles y cazas aumenta un %s, y el alcance de las armas de rayo aumenta un %s de unidades.",,,graphics/hullmods/terminator_core.png
Sumidero de flujo compartido,shared_flux_sink,,,,,,,,TRUE,,0,0,0,0,com.fs.starfarer.api.impl.hullmods.SharedFluxSink,"Gestiona el %s de la disipacion de flujo de todos los modulos acoplados. Si se pierden modulos durante la batalla, la disipacion de flujo adicional se redistribuye entre los modulos restantes. Hasta un %s de esta disipacion adicional se aplica al flujo duro.",Bonificacion de disipacion de flujo y flujo duro a medida que se pierden modulos.,,graphics/hullmods/shared_flux_sink.png
Campo de minas sigiloso,stealth_minefield,,,,,,,,TRUE,,0,0,0,0,com.fs.starfarer.api.impl.hullmods.StealthMinefield,Las minas atacan a las naves enemigas durante la batalla.,Las minas atacan a las naves enemigas durante la batalla.,,graphics/hullmods/stealth_mines.png
Campo de minas sigiloso - tecnologia baja,stealth_minefield_lt,,,,,,,,TRUE,,0,0,0,0,com.fs.starfarer.api.impl.hullmods.StealthMinefieldLT,Las minas atacan a las naves enemigas durante la batalla.,Las minas atacan a las naves enemigas durante la batalla.,,graphics/hullmods/stealth_mines.png
B-Deck,bdeck,,,,,,,,TRUE,,0,0,0,0,com.fs.starfarer.api.impl.hullmods.BDeck,"Una vez por combate, cuando la tasa de reemplazo de cazas alcanza el %s, los hangares de lanzamiento de cazas cambian para operar desde una ""Cubierta B"".

Se lanzan cazas en reserva para restablecer rapidamente la fuerza de los escuadrones, y la tasa de reemplazo de cazas se fija en un %s.",Lanza un nuevo escuadron una vez por combate y repone la tasa de reemplazo.,,graphics/hullmods/bdeck.png
Almacen de chasis de cazas,chassis_storage,,,,,,,,TRUE,,0,0,0,0,com.fs.starfarer.api.impl.hullmods.FighterChassisStorage,La tasa de reposicion de cazas no disminuye al perder unidades.,La tasa de reemplazo de cazas no disminuye.,,graphics/hullmods/expanded_deck_crew.png
Escudo siempre activo,shield_always_on,,,,,,,,TRUE,TRUE,0,0,0,0,com.fs.starfarer.api.impl.hullmods.ShieldAlwaysOn,,Fuerza al escudo a permanecer activo.,,graphics/hullmods/hardened_shields.png
Nanoforja de misiles,missile_reload,,,,codex_require_related,,,,TRUE,,0,0,0,0,com.fs.starfarer.api.impl.hullmods.PeriodicMissileReload,Una nanoforja interna en la nave recarga periodicamente por completo los cargadores de todas las armas de misiles.,Recarga periodicamente todas las armas de misiles.,,graphics/hullmods/expanded_missile_racks.png
Bodegas de carga blindadas,shielded_holds,2,,,,,,,TRUE,,0,0,0,0,data.hullmods.ShieldedCargoHolds,"Comun en naves que no siempre pueden confiar en los escudos para proteger su carga de la radiacion cosmica. Solo se necesitan unos pocos ajustes para que el blindaje confunda los escaneos de carga de largo alcance, reduciendo la probabilidad de detectar contrabando.",Mejora la probabilidad de evitar la deteccion de contrabando.,,graphics/hullmods/shielded_cargo_hold.png
Portico de rescate,repair_gantry,,,,,,,,TRUE,,0,0,0,0,com.fs.starfarer.api.impl.campaign.RepairGantry,"Aumenta los recursos obtenidos al rescatar estaciones abandonadas, pecios, cascos a la deriva y similares en un %s/%s/%s/%s, segun el tamano del casco. Solo afecta a la recuperacion de recursos comunes como combustible y suministros, y no a objetos raros como planos. Ademas, el %s de la bonificacion se aplica al rescate posterior al combate.",Aumenta los recursos obtenidos del rescate.,,graphics/hullmods/repair_gantry.png
Campo de fase,phasefield,,,,,,,,TRUE,,0,0,0,0,com.fs.starfarer.api.impl.hullmods.PhaseField,"La nave es capaz de mantener un campo de fase de baja intensidad durante periodos prolongados, reduciendo su perfil de sensores efectivo un %s.",Reduce el perfil de sensores de la flota.,,graphics/hullmods/phase_field.png
Derivacion de flujo,fluxshunt,,,,,,,,TRUE,,0,0,0,0,data.hullmods.FluxShunt,Permite que la nave disipe el flujo duro al %s de la velocidad normal mientras los escudos esten activos.,Permite la disipacion de flujo duro mientras los escudos estan activos.,,graphics/hullmods/flux_shunt.png
Casco de grado civil,civgrade,,,,,,,,TRUE,,0,0,0,0,data.hullmods.CivGrade,Aumenta el perfil de sensores un %s. Reduce la potencia de sensores un %s.,Aumenta el perfil de sensores; reduce la potencia de sensores.,,graphics/hullmods/civilian_grade.png
Alto mantenimiento,high_maintenance,,,,,,,,TRUE,,0,0,0,0,data.hullmods.HighMaintenance,Aumenta el coste de mantenimiento mensual de suministros un %s.,Aumenta el coste de mantenimiento.,,graphics/hullmods/high_maintenance.png
Coherente de proyectiles de energia,coherer,,,,,,,,TRUE,,0,0,0,0,com.fs.starfarer.api.impl.hullmods.EnergyBoltCoherer,<tooltip creado en el script>,Aumenta el alcance base de las armas de energia que no sean de haz.,,graphics/hullmods/coherer.png
Compromisos de diseno,design_compromises,,,,,,,,TRUE,,0,0,0,0,com.fs.starfarer.api.impl.hullmods.DesignCompromises,"El rendimiento de la nave se ve afectado por prioridades de diseno contrapuestas, con multiples proyectos de vanguardia integrados demasiado tarde en el ciclo de diseno.

La disipacion y la capacidad de flujo de la nave, incluso los valores base nominales, se reducen un %s.

El alcance de las armas balisticas se reduce un %s, la cadencia de tiro de las armas de misiles se reduce un %s y la generacion de flujo de las armas de energia aumenta un %s.

En el lado positivo, se puede activar la capacidad extra de la nanoforja con mayor facilidad, lo que permite la instalacion de un %s a pesar de que la nave ya tenga un hangar, aumentando el numero de hangares operativos a %s.","Reduce el alcance de las armas balisticas y de misiles, asi como la disipacion y capacidad de flujo.",,graphics/hullmods/design_compromises.png
,,,,,,,,,,,,,,,,,,,
,,,,,,,,,,,,,,,,,,,
,,,,,,,,,,,,,,,,,,,
Cable de remolque monofilamento,tow_cable,,,,hide_in_codex,,,,TRUE,,0,0,0,0,com.fs.starfarer.api.impl.campaign.TowCable,"Mejora el nivel de propulsion maximo de la nave mas lenta de la flota en 1. No se pueden usar varios remolcadores para acelerar la misma nave mas de 1.

No se puede usar en combate.",Aumenta el nivel de propulsion de otra nave.,,graphics/hullmods/monofilament_cable.png
Estabilizador de campo de propulsion,drive_field_stabilizer,,,,,,,,TRUE,,0,0,0,0,com.fs.starfarer.api.impl.hullmods.DriveFieldStabilizer,"Estabiliza la burbuja de propulsion de la flota, aumentando el nivel de propulsion maximo de la flota un %s. El efecto de multiples estabilizadores es acumulativo.

Aumenta el perfil de sensores de la nave un %s.",Reduce el uso de combustible de la flota.,,graphics/hullmods/augmented_drive_field.png
Paquete de apoyo terrestre,ground_support,,,,,,,,TRUE,,0,0,0,0,com.fs.starfarer.api.impl.hullmods.GroundSupport,"Armas de apoyo cercano y contramedidas para defensas terrestres. Aumenta la eficacia de las incursiones planetarias un %s, hasta el numero total de infantes de marina en la flota.",Mejora la eficacia de las incursiones.,,graphics/hullmods/ground_support.png
Apoyo terrestre avanzado,advanced_ground_support,,,,,,,,TRUE,,0,0,0,0,com.fs.starfarer.api.impl.hullmods.AdvancedGroundSupport,"Armas de apoyo cercano y contramedidas para defensas terrestres. Aumenta la eficacia de las incursiones planetarias un %s, hasta el numero total de infantes de marina en la flota.",Mejora la eficacia de las incursiones.,,graphics/hullmods/ground_support_adv.png
Maquinaria delicada,delicate,,,,,,,,TRUE,,0,0,0,0,data.hullmods.DelicateMachinery,"Los sistemas de la nave requieren un mantenimiento excesivo y no resisten bien el rigor de combates prolongados.

Aumenta la tasa de degradacion de la PC en combate un %s tras agotarse el tiempo de rendimiento maximo.",Aumenta la tasa de degradacion de la PC tras agotarse el tiempo de rendimiento maximo.,,graphics/hullmods/delicate_machinery.png
Integracion de balistica pesada,hbi,,,,,,,,TRUE,,0,0,0,0,com.fs.starfarer.api.impl.hullmods.HeavyBallisticsIntegration,Reduce el coste en puntos de armamento de las armas balisticas grandes un %s.,Reduce el coste en puntos de armamento de las armas balisticas grandes.,,graphics/hullmods/ballistics_integration.png
Hangar amplio,vast_hangar,,,,,,,,TRUE,,0,0,0,0,com.fs.starfarer.api.impl.hullmods.VastHangar,"La nave posee un hangar enorme y una pequena flota de naves de apoyo a su altura.

El numero de hangares de caza anadidos por el Hangar Convertido aumenta en un %s, y su rendimiento iguala al de un hangar de caza dedicado; se anulan todas las penalizaciones y modificadores, incluidos los del coste de despliegue de la nave.",Aumenta el efecto del hangar convertido y elimina sus penalizaciones.,,graphics/hullmods/vast_hangar.png
Construccion robusta,rugged,,,,,,,,TRUE,,0,0,0,0,com.fs.starfarer.api.impl.hullmods.RuggedConstruction,"Reduce la mayoria de los efectos negativos de los mod de dano un %s. Si se desactiva o destruye en combate, la nave tiene un %s de probabilidad de evitar nuevos mod de dano, y casi siempre es recuperable tras la batalla.

Ademas, el coste de suministros para recuperarse de la implementacion -y para efectuar reparaciones si la nave queda inhabilitada- se reduce un %s.",Reduce el impacto de los mod de dano; la nave es casi siempre recuperable si se pierde.,,graphics/hullmods/rugged_construction.png
Nave automatizada,automated,,,,codex_require_related,,,,TRUE,,0,0,0,0,com.fs.starfarer.api.impl.hullmods.Automated,Esta nave esta totalmente automatizada y no requiere -ni puede aceptar- tripulacion humana.,No requiere tripulacion y no puede albergarla.,,graphics/hullmods/automated.png
Nucleo de fijacion avanzado,advancedcore,,,,,,,,TRUE,,0,0,0,0,data.hullmods.AdvancedTargetingCore,"Amplia el alcance de las armas balisticas y de energia un %s. El alcance de las armas de defensa de punto solo se amplia un %s.

Impide la instalacion de un nucleo de fijacion de objetivos dedicado o de una unidad de fijacion de objetivos integrada.",Amplia enormemente el alcance de las armas que no sean de misiles.,,graphics/hullmods/advanced_targeting_core.png
Superordenador de fijacion,supercomputer,,,,,,,,TRUE,,0,0,0,0,data.hullmods.TargetingSupercomputer,"Amplia el alcance de las armas balisticas y de energia un %s. El alcance de las armas de defensa de punto solo se amplia un %s.

Tambien aumenta la precision de la prediccion de objetivos y la potencia de sensores en combate.",Amplia enormemente el alcance de las armas que no sean de misiles.,,graphics/hullmods/targeting_supercomputer.png
Bobinas de fase experimentales,ex_phase_coils,,,,codex_require_related,,,,TRUE,,0,0,0,0,com.fs.starfarer.api.impl.hullmods.ExperimentalPhaseCoils,Reduce el tiempo de recarga del sigilo de fase en %s.,Reduce enormemente el tiempo de recarga del sigilo de fase.,,graphics/hullmods/phase_coils_experimental.png
Atractor de alta volicion,high_frequency_attractor,,,,codex_require_related,,,,TRUE,,0,0,0,0,com.fs.starfarer.api.combat.BaseHullMod,Una modificacion experimental que permite que el nucleo de fisura de la nave atraiga motas de alta frecuencia.,Lanza motas de alta frecuencia mas potentes.,,graphics/hullmods/high_volition_attractor.png
Blindaje ablativo,ablative_armor,,,,,,,,TRUE,,0,0,0,0,com.fs.starfarer.api.impl.hullmods.AblativeArmor,"Un diseno antiguo destinado a detener micrometeoritos mediante el puro volumen de material, antes de la llegada de la armadura ""espacial"".

Reduce la resistencia efectiva del blindaje para el calculo de reduccion de dano al %s de su valor real. Sin embargo, las naves de este diseno tienden a portar un blindaje extremadamente pesado.",Reduce la reduccion de dano por blindaje.,,graphics/hullmods/ablative_armor.png
Control de fuego distribuido,distributed_fire_control,,,,,,,,TRUE,,0,0,0,0,com.fs.starfarer.api.impl.hullmods.DistributedFireControl,"Gran parte del dano que deja las armas fuera de servicio se produce en los conductos de energia y en los controles externos. Las armas de esta nave estan disenadas para operar de forma mas independiente, reduciendo su exposicion al dano un %s y reduciendo el dano por EMP recibido por la nave en su conjunto un %s.",Aumenta la durabilidad de las armas y reduce el dano por pulso electromagnetico recibido.,,graphics/hullmods/distributed_fire_control2.png
Bahia de carga convertida,converted_bay,1,,,,,,,TRUE,,0,0,0,0,data.hullmods.ConvertedCargoBay,La bodega de carga de esta nave ha sido convertida para albergar un par de hangares de caza. La fabrica improvisada que produce los chasis de caza no es fiable y la mayoria de los componentes presentan defectos menores. Velocidad de los cazas reducida un %s y dano recibido aumentado un %s.,Par de hangares de cazas improvisados.,,graphics/hullmods/converted_hangar.png
Modificaciones especiales,andrada_mods,,,,"dmod, codex_require_related",,,,TRUE,,0,0,0,0,com.fs.starfarer.api.impl.hullmods.AndradaMods,"Durante una inspeccion de un prototipo temprano, se oyo al Ejecutor Supremo comentar desfavorablemente sobre los conductos expuestos que recorren los pasillos y el peligro que estos deben suponer para la valiente y leal tripulacion en condiciones de combate.

El nuevo jefe de diseno, un oficial leal nombrado por el propio Ejecutor Supremo, instruyo a los programadores de la nanoforja para que hicieran los ajustes necesarios para la instalacion de paneles aislantes especiales a prueba de explosiones, producidos por la propia Sindria.

Aunque los pasillos sean un poco mas estrechos, los conductos sean propensos al sobrecalentamiento y los paneles integrados sean algo dificiles de manipular, los informes oficiales de preparacion no incluyen criticas sobre los cambios. Todo el mundo coincide, tanto en publico como -segun puede dar fe el Ministerio de Seguridad Interna- en privado, en que la austera grandeza de la flota de la Guardia del Leon es impresionante.

Las bajas de la tripulacion en combate aumentan un %s. La tasa base de disipacion de flujo se reduce un %s, y la tasa de reparacion de armas y motores averiados se reduce un %s.",Reduce el rendimiento de la nave.,,graphics/hullmods/special_modifications.png
Gran volumen,vastbulk,,,,,,,,TRUE,,0,0,0,0,data.hullmods.VastBulk,"El cuerpo principal de esta estructura es vasto y es, para fines practicos, capaz de absorber cualquier cantidad de dano de armas convencionales sin ser destruido.",,,graphics/hullmods/vast_bulk.png
Rotacion axial,axialrotation,,,,,,,,TRUE,,0,0,0,0,data.hullmods.AxialRotation,Esta estructura rota constantemente sobre su propio eje.,,,graphics/hullmods/axial_rotation.png
Rotacion de anclaje,anchorrotation,,,,,,,,TRUE,TRUE,0,0,0,0,data.hullmods.AnchorRotation,Esta estructura rota alrededor de su punto de anclaje. Solo para modulos de estacion.,,,graphics/hullmods/axial_rotation.png
Explosion reducida,reduced_explosion,,,,,,,,TRUE,TRUE,0,0,0,0,data.hullmods.ReducedExplosion,Radio de explosion y dano reducidos.,,,graphics/hullmods/reduced_explosion.png
Siempre se desprende,always_detaches,,,,,,,,TRUE,TRUE,0,0,0,0,data.hullmods.AlwaysDetaches,Siempre se desprende de la estructura principal al ser destruida.,,,graphics/hullmods/detach_always.png
Nunca se desprende,never_detaches,,,,,,,,TRUE,TRUE,0,0,0,0,data.hullmods.NeverDetaches,Nunca se desprende de la estructura principal al ser destruida.,,,graphics/hullmods/detach_never.png
Sin flujo de armas,no_weapon_flux,,,,,,,,TRUE,TRUE,0,0,0,0,data.hullmods.NoWeaponFlux,El disparo de armas no consume flujo. Se utiliza en cazas para un control preciso de los puntos de vida efectivos del escudo.,,,
No disparar a traves,do_not_fire_through,,,,,,,,TRUE,TRUE,0,0,0,0,data.hullmods.DoNotFireThrough,"Las armas de otros modulos de una estacion evitaran disparar a traves de este modulo, aunque los disparos pasarian por encima sin impactar.",,,
Generador de esquirlas,shard_spawner,,,,,,,,TRUE,TRUE,0,0,0,0,com.fs.starfarer.api.impl.hullmods.ShardSpawner,Genera naves de tipo fragmento cuando la nave es inhabilitada o destruida.,,,
No retroceder,do_not_back_off,,,,,,,,TRUE,TRUE,0,0,0,0,com.fs.starfarer.api.impl.hullmods.DoNotBackOff,Establece la bandera de IA de NO RETROCEDER.,,,
,,,,,,,,,,,,,,,,,,,
# elementos de la amenaza,,,,,,,,,,,,,,,,,,,
Casco de amenaza,threat_hullmod,,,,"codex_require_related, threat",,,,TRUE,,0,0,0,0,com.fs.starfarer.api.impl.combat.threat.ThreatHullmod,Mod de casco oculto para gestionar las propiedades especiales de las naves de la Amenaza. Descripcion generada por script.,,,graphics/hullmods/the_threat.png
Enjambre de fragmentos,fragment_swarm,,,,"codex_unlockable, fragment, no_drop_salvage","Weapons, Special",30000,,,,6,12,18,30,com.fs.starfarer.api.impl.combat.threat.FragmentSwarmHullmod,"Un enjambre de fragmentos de la Amenaza rodea la nave, proporcionando un suministro regenerativo de fragmentos para las armas basadas en fragmentos.

El numero base de fragmentos es %s/%s/%s/%s, y los fragmentos de reemplazo se lanzan %s/%s/%s/%s veces por segundo, segun el tamano del casco.

Este mod de casco es necesario para que las armas de fragmentos funcionen; si el mod de casco no esta presente o no hay suficientes fragmentos en el enjambre, las armas de fragmentos quedaran inutilizadas.",Un enjambre de fragmentos de la Amenaza rodea la nave.,Reduce la preparacion de combate maxima en un %s y aumenta el coste de mantenimiento en un %s.,graphics/hullmods/fragment_swarm.png
Fabricador secundario,secondary_fabricator,,,,"codex_unlockable, fragment, no_drop_salvage","Weapons, Special",20000,,,,3,6,9,15,com.fs.starfarer.api.impl.combat.threat.SecondaryFabricatorHullmod,Aumenta la velocidad con la que se lanzan los fragmentos de reemplazo un %s.,Aumenta la tasa de reemplazo de fragmentos.,Aumenta la tasa de reposicion de fragmentos un %s adicional.,graphics/hullmods/secondary_fabricator.png
Coordinador de fragmentos,fragment_coordinator,,,,"codex_unlockable, fragment, no_drop_salvage","Weapons, Special",15000,,,,3,6,9,15,com.fs.starfarer.api.impl.combat.threat.FragmentCoordinatorHullmod,Aumenta el numero maximo de fragmentos en el enjambre de fragmentos de la nave un %s.,Aumenta el tamano del enjambre de fragmentos alrededor de la nave.,Aumenta el tamano del enjambre de fragmentos un %s adicional.,graphics/hullmods/fragment_coordinator.png
,,,,,,,,,,,,,,,,,,,
# cosas de habitante de la niebla,,,,,,,,,,,,,,,,,,,
Mod de casco de Dweller,dweller_hullmod,,,,dweller,,,,TRUE,TRUE,0,0,0,0,com.fs.starfarer.api.impl.combat.dweller.DwellerHullmod,Anade elementos visuales de los Habitantes Sombrios y cualquier mecanica personalizada. No es visible para el jugador.,,,
Manto encubierto,shrouded_mantle,,,,"codex_unlockable, shrouded, no_drop_salvage",Special,,,,,3,6,9,15,com.fs.starfarer.api.impl.combat.dweller.ShroudedMantleHullmod,"La nave intentara retroceder (con suerte) para alejarse del peligro al sufrir danos sustanciales en el casco.

Las bajas de tripulacion en combate aumentan un %s.",La nave retrocede ante el dano.,La nave se beneficia de un %s de la curacion proporcionada por Hungering Rift.,graphics/hullmods/shrouded_mantle.png
Nube de tormenta velada,shrouded_thunderhead,,,,"codex_unlockable, shrouded, no_drop_salvage","Weapons, Special",,,,,5,10,15,25,com.fs.starfarer.api.impl.combat.dweller.ShroudedThunderheadHullmod,<creado por script>,La nave dispara rayos de rayo de la Grieta a los objetivos recientes de sus armas.,,graphics/hullmods/shrouded_thunderhead.png
Lente velada,shrouded_lens,,,,"codex_unlockable, shrouded, no_drop_salvage",Special,,,,,3,6,9,15,com.fs.starfarer.api.impl.combat.dweller.ShroudedLensHullmod,<creado por script>,"La lente se enfoca automaticamente en objetivos cercanos, infligiendo dano en un area.",,graphics/hullmods/shrouded_lens.png
,,,,,,,,,,,,,,,,,,,
# mejoras de la apariencia de la nave,,,,,,,,,,,,,,,,,,,
Decimocuarto grupo de combate,fourteenth,,,,,,,,TRUE,,0,0,0,0,data.hullmods.Fourteenth,"Esta nave es una superviviente del grupo de batalla original 14.o del Dominio que fundo la Hegemonia. Es un especimen ejemplar de la doctrina de ""batalla decisiva"" de la Armada del Dominio, manifestada especialmente en una serie de modificaciones estructurales radicales (realizadas con metodos industriales previos al Colapso) que permiten el montaje de blindaje mas pesado con un aumento fijo de %s unidades estandar, con solo una reduccion del %s en velocidad y maniobrabilidad. Los sistemas de energia, excepcionalmente bien ajustados, aumentan el flujo y la capacidad en un %s respecto a los ejemplos estandar de este casco.",,,graphics/hullmods/fourteenth.png
Auxiliar de la Hegemonia militarizada,heg_militarized,,,,hide_in_codex,,,,TRUE,,0,0,0,0,data.hullmods.Militarized,"Esta nave esta -o estuvo- en la lista auxiliar de la Hegemonia. Los kits de refuerzo de blindaje aplicados en los astilleros navales de la Hegemonia resultaron en ninguna perdida de rendimiento para un aumento de la resistencia del blindaje de un %s/%s/%s/%s, dependiendo del tamano del casco. Los sistemas de energia del nucleo se han actualizado a estandares militares, lo que ha resultado en una mejora del %s en el manejo general, un aumento del %s en la capacidad de flujo, un aumento del %s en la disipacion de flujo y un aumento del nivel de propulsion maximo en un %s.",,,graphics/hullmods/militarized_hegemony_auxiliary.png
,,,,,,,,,,,,,,,,,,,
,,,,,,,,,,,,,,,,,,,
# penalizaciones permanentes de nave,,,,,,,,,,,,,,,,,,,
Blindaje comprometido,comp_armor,,,,"dmod, damage, damageStruct",,,,TRUE,,0,0,0,0,data.hullmods.CompromisedArmor,"El blindaje de esta nave ha sufrido danos graves e irreparables en algun momento del pasado, o ha padecido errores graves en el proceso de fabricacion. Indice de blindaje reducido un %s.

Coste de suministros para recuperarse de la implementacion reducido un %s.",,,graphics/hullmods/compromised_armor.png
Casco comprometido,comp_hull,,,,"dmod, damage, damageStruct",,,,TRUE,,0,0,0,0,data.hullmods.CompromisedHull,"El casco de esta nave ha sufrido danos graves e irreparables en algun momento del pasado, o ha padecido errores graves en el proceso de fabricacion. Integridad del casco reducida un %s.

Coste de suministros para recuperarse de la implementacion reducido un %s.",,,graphics/hullmods/compromised_hull.png
Motores degradados,degraded_engines,,,,"dmod, damage",,,,TRUE,,0,0,0,0,data.hullmods.DegradedEngines,"Ya sea por danos de combate, defectos de fabricacion o ciclos de un mantenimiento deficiente, los motores de esta nave sufren un rendimiento de combate permanentemente degradado.

Velocidad maxima y maniobrabilidad en combate reducidas un %s.

Coste de suministrados para recuperarse de la implementacion reducido un %s.",,,graphics/hullmods/degraded_engines.png
Campo de propulsion degradado,degraded_drive_field,,,,"dmod, damage, civOnly",,,,TRUE,,0,0,0,0,data.hullmods.DegradedDriveField,"Ya sea por danos de combate, defectos de fabricacion o ciclos de un mantenimiento deficiente, el campo de propulsion de esta nave sufre un rendimiento permanentemente degradado.

Nivel de propulsion maximo reducido un % de %s. Perfil de sensores aumentado un %s.

Coste de suministros para recuperarse de la implementacion reducido un %s.",,,graphics/hullmods/degraded_drivefield.png
Red electrica defectuosa,faulty_grid,,,,"dmod, damage",,,,TRUE,,0,0,0,0,data.hullmods.FaultyPowerGrid,"Ya sea por danos de combate, defectos de fabricacion o ciclos de un mantenimiento deficiente, la red de energia de esta nave nunca sera capaz de alcanzar su rendimiento maximo.

Capacidad de flujo reducida un %s. Tasa de disipacion de flujo reducida un %s. Perfil de sensores aumentado un %s.

Coste de suministros para recuperarse de la implementacion reducido un %s.",,,graphics/hullmods/faulty_power_grid.png
Inestabilidad de la bobina de fase,unstable_coils,,,,"dmod, phaseDamage",,,,TRUE,,0,0,0,0,data.hullmods.PhaseCoilInstability,"Las bobinas de fase de esta nave son imposibles de calibrar correctamente debido a sutiles defectos. Reduce el bono de tiempo de fase un %s, reduce el tiempo de rendimiento maximo un %s y aumenta la tasa de degradacion de la preparacion de combate un %s.

Coste de suministros para recuperarse de la implementacion reducido un %s.",,,graphics/hullmods/phase_coil_instability.png
Danos estructurales,comp_structure,,,,"dmod, damageStruct, destroyedDamageAlways",,,,TRUE,,0,0,0,0,com.fs.starfarer.api.impl.hullmods.CompromisedStructure,"Es probable que el casco de esta nave haya sufrido danos extremos en el pasado, posiblemente hasta el punto de romperse. El indice de blindaje se reduce un %s y la integridad del casco un %s.

El coste de suministros para recuperarse del despliegue se reduce un %s.",,,graphics/hullmods/structural_damage.png
Matriz de sensores con fallos,glitched_sensors,,,,"dmod, damage",,,,TRUE,,0,0,0,0,com.fs.starfarer.api.impl.hullmods.GlitchedSensorArray,"La matriz de sensores de la nave esta tan danada que no admite reparacion sin una revision completa del casco. El alcance de las armas en combate se reduce un %s. La potencia de sensores se reduce un %s.

El coste de suministros para recuperarse del despliegue se reduce un %s.",,,graphics/hullmods/glitched_sensor_array.png
Hipercomunicaciones con fallos,malfunctioning_comms,,,,"dmod, fighterBayDamage",,,,TRUE,,0,0,0,0,com.fs.starfarer.api.impl.hullmods.MalfunctioningComms,"El sistema de comunicaciones ha sufrido danos graves, lo que hace que atravesar la interferencia del campo de batalla sea aun mas dificil. El alcance de combate de los cazas se reduce un %s.

El coste de suministros para recuperarse del despliegue se reduce un %s.",,,graphics/hullmods/malfunctioning_comms.png
Manufactura defectuosa,defective_manufactory,,,,"dmod, fighterBayDamage",,,,TRUE,,0,0,0,0,com.fs.starfarer.api.impl.hullmods.DefectiveManufactory,"La fabrica que produce chasis de cazas no es fiable y la mayoria de los componentes presentan defectos menores. La velocidad de los cazas se reduce un %s y el dano recibido aumenta un %s.

El coste de suministros para recuperarse del despliegue se reduce un %s.",,,graphics/hullmods/defective_manufactory.png
Cubierta de vuelo danada,damaged_deck,,,,"dmod, fighterBayDamage",,,,TRUE,,0,0,0,0,com.fs.starfarer.api.impl.hullmods.DamagedFlightDeck,"Las cubiertas de vuelo de esta nave han sufrido danos graves que interfieren seriamente con su funcionamiento normal. El tiempo necesario para lanzar cazas de reemplazo aumenta un %s.

El coste de suministros para recuperarse del despliegue se reduce en un %s.",,,graphics/hullmods/damaged_flight_deck.png
Subsistemas poco fiables,fragile_subsystems,,,,"dmod, damage, peak_time, notPhase",,,,TRUE,,0,0,0,0,com.fs.starfarer.api.impl.hullmods.FragileSubsystems,"Una perdida generalizada de componentes redundantes reduce el tiempo de rendimiento maximo un %s e incrementa la tasa de degradacion de la preparacion de combate un %s.

El coste de suministros para recuperarse del despliegue se reduce un %s.",,,graphics/hullmods/fragile_subsystems.png
Almacen comprometido,comp_storage,,,,"dmod, damage, civOnly",,,,TRUE,,0,0,0,0,com.fs.starfarer.api.impl.hullmods.CompromisedStorage,"La capacidad de almacenamiento de esta nave esta significativamente degradada. La capacidad de tripulacion, carga y combustible se reduce un %s.

El coste de suministros para recuperarse del despliegiente se reduce un %s.",,,graphics/hullmods/compromised_storage.png
Mantenimiento incrementado,increased_maintenance,,,,"dmod, damage, civ, notAuto",,,,TRUE,,0,0,0,0,com.fs.starfarer.api.impl.hullmods.IncreasedMaintenance,"Aumenta el coste mensual de suministros en %s. Aumenta la tripulacion minima necesaria en %s. Reduce la preparacion de combate maxima en %s.

El coste de suministros para recuperarse tras el despliegue se reduce en %s.","Aumenta el coste de mantenimiento y los requisitos de tripulacion, y reduce la preparacion de combate maxima.",,graphics/hullmods/increased_maintenance.png
Inyector de combustible erratico,erratic_injector,,,,"dmod, damage, civ",,,,TRUE,,0,0,0,0,com.fs.starfarer.api.impl.hullmods.ErraticInjector,"Aumenta el uso de combustible un %s y disminuye el impulso sin flujo un %s por segundo.

El coste de suministros para recuperarse del despliegue se reduce un %s.",Aumenta el uso de combustible y reduce el impulso sin flujo.,,graphics/hullmods/erratic_injector.png
Sistemas automatizados defectuosos,faulty_auto,,,,"dmod, damage, notAuto",,,,TRUE,,0,0,0,0,com.fs.starfarer.api.impl.hullmods.FaultyAutomatedSystems,"Aumenta la tripulacion minima necesaria un %s y disminuye la preparacion de combate maxima un %s.

El coste de suministros para recuperarse del despliegue se reduce un %s.",Aumenta la tripulacion minima necesaria; reduce la preparacion de combate maxima.,,graphics/hullmods/faulty_automated_systems.png
Monturas de armas danadas,damaged_mounts,,,,"dmod, damage",,,,TRUE,,0,0,0,0,com.fs.starfarer.api.impl.hullmods.DamagedWeaponMounts,"Reduce la velocidad de giro de las armas un %s y aumenta el retroceso un %s.

El coste de suministros para recuperarse tras el despliegue se reduce un %s.",Reduce la velocidad de giro de las armas y aumenta el retroceso.,,graphics/hullmods/damaged_weapon_mounts.png
Soporte vital degradado,degraded_life_support,,,,"dmod, damage, notAuto",,,,TRUE,,0,0,0,0,com.fs.starfarer.api.impl.hullmods.DegradedLifeSupport,"Disminuye la capacidad maxima de tripulacion un %s y la preparacion de combate maxima un %s.

El coste de suministros para recuperarse del despliegue se reduce un %s.",Disminuye la capacidad de tripulacion maxima y la preparacion de combate.,,graphics/hullmods/degraded_life_support.png
Escudos degradados,degraded_shields,,,,"dmod, damage, reqShields",,,,TRUE,,0,0,0,0,com.fs.starfarer.api.impl.hullmods.DegradedShields,"Aumenta el dano recibido por los escudos un %s.

El coste de suministros para recuperarse tras el despliegue se reduce un %s.",Aumenta el dano recibido por los escudos.,,graphics/hullmods/degraded_shields.png
,,,,,,,,,,,,,,,,,,,
Monturas de armas destruidas,destroyed_mounts,,,,dmod,,,,TRUE,,0,0,0,0,data.hullmods.DestroyedWeaponMounts,Algunos de los montajes de armas originales de esta nave se han danado irreparablemente y ya no pueden utilizarse.,,,graphics/hullmods/damaged_weapon_mounts.png
Modificaciones imprudentes,ill_advised,,,,dmod,,,,TRUE,,0,0,0,0,data.hullmods.IllAdvised,"Los sistemas de este casco han sido modificados drasticamente respecto a las especificaciones originales, probablemente sin la supervision de ingenieria certificada. Sus sistemas parecen funcionar correctamente en condiciones rutinarias, pero tienen una probabilidad significativa de sufrir averias criticas cuando se someten a estres.",,,graphics/hullmods/illadvised.png